split,rmse,mae
val,2.5969789028167725,
test,2.9090998063956133,2.683175516063918
