split,rmse,mae
val,4.772452354431152,
test,3.124037418112383,2.892753653106892
