split,rmse,mae
val,0.7554317116737366,
test,0.8071272749271857,0.6726087977855933
