split,rmse,mae
val,0.7543267011642456,
test,0.8063417571090489,0.6722621361335865
