split,rmse,mae
val,0.7854235172271729,
test,1.0451836262810918,0.8289125176047006
