split,rmse,mae
val,0.7880931496620178,
test,1.048215395405884,0.8322325604069957
